{
  "episode": [
    1.0,
    2.0,
    3.0,
    4.0,
    5.0
  ],
  "score": [
    0.0,
    0.0,
    0.0,
    0.0,
    0.0
  ],
  "lines": [
    0.0,
    0.0,
    0.0,
    0.0,
    0.0
  ],
  "steps": [
    61.0,
    42.0,
    47.0,
    82.0,
    51.0
  ],
  "reward": [
    -160.20999999999998,
    -156.82,
    -146.07,
    -148.42000000000004,
    -155.31
  ],
  "loss": [
    0.0,
    113.22881216946102,
    149.65675345633892,
    139.12377022388506,
    176.32003615416733
  ],
  "epsilon": [
    0.9994205000000003,
    0.9990215000000005,
    0.9985750000000007,
    0.997796000000001,
    0.9973115000000012
  ]
}