{
  "episode": [
    1.0,
    2.0,
    3.0,
    4.0,
    5.0
  ],
  "score": [
    0.0,
    0.0,
    0.0,
    0.0,
    0.0
  ],
  "lines": [
    0.0,
    0.0,
    0.0,
    0.0,
    0.0
  ],
  "steps": [
    38.0,
    37.0,
    41.0,
    39.0,
    62.0
  ],
  "reward": [
    -150.78,
    -166.37,
    -136.01000000000002,
    -160.79000000000002,
    -139.42000000000007
  ],
  "loss": [
    0.0,
    90.16807277460356,
    261.65836307479117,
    313.25845108888086,
    224.51833089705437
  ],
  "epsilon": [
    0.9996390000000002,
    0.9992875000000003,
    0.9988980000000005,
    0.9985275000000007,
    0.997938500000001
  ]
}